{"duration": [0.03, 0.05, 0.08, 0.11, 0.13, 0.16, 0.21, 0.26, 0.3, 0.35000000000000003, 0.4, 0.47000000000000003, 0.54, 0.62, 0.7000000000000001, 0.78, 0.87, 0.98, 1.1, 1.24, 1.3900000000000001, 1.57, 1.76, 1.98, 2.2, 2.43, 2.65, 2.88, 3.14, 3.43, 3.7800000000000002, 4.17], "interval": [0.0, 0.01, 0.02, 0.05, 0.08, 0.09, 0.1, 0.11, 0.13, 0.16, 0.19, 0.22, 0.25, 0.28, 0.32, 0.37, 0.42, 0.48, 0.53, 0.59, 0.66, 0.74, 0.85, 0.98, 1.12, 1.26, 1.41, 1.59, 1.8, 2.05, 2.33, 2.64]}